Index,City,Cloudiness,Country,Date,Humidity,Lat,Lng,Max Temp,Wind Speed
0,busselton,0,AU,1551647111,42,-33.64,115.35,64.99,19.95
1,yellowknife,20,CA,1551647086,42,62.45,-114.38,10.0,4.7
2,cape town,0,ZA,1551647176,93,-33.93,18.42,68.0,4.7
3,albany,75,US,1551647225,44,42.65,-73.75,39.99,4.7
4,san patricio,0,PY,1551647029,54,-26.98,-56.83,89.86,2.51
5,new norfolk,0,AU,1551646885,71,-42.78,147.06,57.2,8.05
6,amahai,12,ID,1551647222,92,-3.31,129.0,79.0,6.2
7,tabou,0,CI,1551647226,94,4.42,-7.36,84.19,8.77
8,jamestown,64,AU,1551647226,84,-33.21,138.6,66.78,3.96
9,kapaa,90,US,1551647009,64,22.08,-159.32,73.4,17.22
10,kaitangata,0,NZ,1551647227,78,-46.28,169.85,58.68,4.52
11,xacmaz,32,AZ,1551647227,100,41.46,48.81,27.81,2.28
12,nikolskoye,75,RU,1551646811,85,59.7,30.79,19.0,2.24
13,rikitea,56,PF,1551646995,100,-23.12,-134.97,79.42,12.57
14,tuktoyaktuk,90,CA,1551643200,85,69.44,-133.03,14.0,25.28
15,mogadishu,36,SO,1551647048,100,2.04,45.34,79.38,11.9
16,ahipara,24,NZ,1551647220,100,-35.17,173.16,66.99,1.01
17,portland,1,US,1551647077,30,45.52,-122.67,43.0,23.04
18,barrow,44,AR,1551647053,40,-38.31,-60.23,79.38,14.03
19,castro,90,CL,1551643200,100,-42.48,-73.76,53.6,6.93
20,davidson,90,US,1551647224,93,35.5,-80.85,53.01,9.17
21,mahebourg,40,MU,1551647046,83,-20.41,57.7,81.0,6.93
22,hofn,88,IS,1551647229,100,64.25,-15.21,36.81,38.86
23,alofi,40,NU,1551643200,88,-19.06,-169.92,80.6,5.82
24,mayumba,76,GA,1551647229,98,-3.44,10.65,79.74,5.41
25,hilo,90,US,1551646957,73,19.71,-155.08,73.0,12.75
26,vaini,0,IN,1551647229,86,15.34,74.49,60.39,1.39
27,chuy,0,UY,1551647022,68,-33.69,-53.46,73.08,10.0
28,hatillo,90,PR,1551647146,73,18.49,-66.83,82.0,10.29
29,georgetown,75,GY,1551643200,78,6.8,-58.16,84.2,11.41
30,ushuaia,75,AR,1551643200,47,-54.81,-68.31,55.4,12.46
31,fairbanks,90,US,1551646897,92,64.84,-147.72,24.01,3.74
32,thompson,90,CA,1551643200,65,55.74,-97.86,5.0,16.11
33,punta arenas,20,CL,1551646386,43,-53.16,-70.91,55.4,23.04
34,carnarvon,0,ZA,1551647125,39,-30.97,22.13,65.83,7.76
35,laguna,5,MX,1551642000,23,27.52,-110.01,86.0,10.29
36,pontianak,56,ID,1551647231,99,-0.02,109.34,76.27,4.74
37,bredasdorp,0,ZA,1551646811,82,-34.53,20.04,60.8,3.36
38,hobyo,76,SO,1551647079,90,5.35,48.53,76.9,10.11
39,lebu,12,ET,1551647231,73,8.96,38.73,53.73,4.52
40,vestmannaeyjar,92,IS,1551647232,96,63.44,-20.27,38.83,13.13
41,inirida,20,CO,1551647232,74,3.87,-67.92,84.55,2.84
42,dikson,56,RU,1551647051,100,73.51,80.55,-6.13,26.44
43,chokurdakh,36,RU,1551646995,62,70.62,147.9,-13.33,6.2
44,fershampenuaz,44,RU,1551647232,82,53.52,59.82,17.59,14.03
45,clyde river,20,CA,1551643200,83,70.47,-68.59,-5.81,5.82
46,cidreira,8,BR,1551647030,69,-30.17,-50.22,78.07,10.56
47,airai,32,TL,1551647233,92,-8.93,125.41,67.9,0.38
48,avera,75,US,1551647179,78,33.19,-82.53,73.4,9.17
49,mataura,0,NZ,1551646810,80,-46.19,168.86,57.99,3.0
50,guaraniacu,0,BR,1551647233,49,-25.1,-52.88,83.65,2.39
51,amuntai,8,ID,1551647233,95,-2.42,115.25,72.58,1.83
52,hamilton,90,CA,1551647104,58,43.26,-79.87,30.0,5.82
53,tasiilaq,80,GL,1551642600,73,65.61,-37.64,23.0,23.04
54,rantepao,92,ID,1551647234,98,-2.97,119.9,69.16,2.06
55,katsuura,90,JP,1551646482,100,33.93,134.5,48.99,4.7
56,north bend,1,US,1551647120,61,43.41,-124.22,52.0,8.05
57,saskylakh,36,RU,1551647235,38,71.97,114.09,-25.57,3.51
58,half moon bay,90,US,1551647223,93,37.46,-122.43,60.8,10.29
59,cayenne,80,GF,1551645000,83,4.94,-52.33,77.0,4.7
60,aksu,0,KZ,1551645000,80,52.04,76.93,33.8,20.13
61,strelka,56,RU,1551647236,83,58.08,93.03,20.65,7.99
62,ilulissat,76,GL,1551642600,78,69.22,-51.1,17.6,2.73
63,la ronge,90,CA,1551643200,60,55.1,-105.3,6.8,13.87
64,zonguldak,20,TR,1551647237,97,41.25,31.83,33.21,3.29
65,bambous virieux,40,MU,1551647046,83,-20.34,57.76,81.0,6.93
66,paamiut,0,GL,1551647040,100,61.99,-49.67,25.83,11.79
67,san jose,36,PH,1551647165,92,15.79,120.99,64.44,1.95
68,mangalia,0,RO,1551647131,86,43.8,28.58,37.0,8.05
69,saldanha,44,PT,1551647239,69,41.42,-6.55,53.05,15.26
70,kiunga,92,PG,1551647239,94,-6.12,141.3,74.88,1.39
71,avarua,0,CK,1551645000,66,-21.21,-159.78,84.2,6.93
72,xiongyue,0,CN,1551647239,62,40.18,122.12,27.76,5.97
73,barkhan,92,PK,1551647239,82,29.9,69.52,43.11,2.62
74,belen,75,TR,1551647074,100,36.49,36.19,50.0,1.12
75,bara,0,NG,1551646950,34,10.41,10.6,80.5,6.08
76,atuona,92,PF,1551647021,100,-9.8,-139.03,80.28,12.35
77,brownsville,90,US,1551647123,88,25.91,-97.49,84.2,20.8
78,puerto ayora,20,EC,1551643200,66,-0.74,-90.35,87.8,13.87
79,road town,40,VG,1551647107,65,18.42,-64.62,80.6,11.41
80,faya,0,SA,1551643200,62,18.39,42.45,57.2,10.29
81,port alfred,0,ZA,1551646824,88,-33.59,26.89,69.01,13.47
82,san sebastian,36,PH,1551647242,100,11.71,125.02,71.73,3.06
83,tiksi,56,RU,1551647024,70,71.64,128.87,-5.95,8.66
84,praya,20,ID,1551646800,100,-8.71,116.27,75.2,1.12
85,marquette,40,US,1551646981,42,46.54,-87.4,9.0,5.82
86,lompoc,90,US,1551647046,72,34.64,-120.46,62.6,9.17
87,bereda,75,ES,1551647043,82,43.27,-7.54,57.0,14.99
88,ponta do sol,92,BR,1551647243,88,-20.63,-46.0,70.15,3.85
89,chaman,64,AF,1551647243,90,30.92,66.46,38.56,2.39
90,requena,0,ES,1551647223,42,39.49,-1.1,66.0,4.7
91,mar del plata,32,AR,1551647038,41,-46.43,-67.52,63.94,23.09
92,ugoofaaru,92,MV,1551647244,99,5.67,73.0,82.89,10.11
93,simao,12,CN,1551647244,72,22.76,100.79,48.69,2.28
94,whitehorse,20,CA,1551647086,47,60.72,-135.06,16.0,10.29
95,codrington,90,AU,1551646902,100,-28.95,153.24,68.0,4.07
96,pisco,40,PE,1551643200,30,-13.71,-76.2,71.6,10.29
97,mount vernon,90,US,1551647244,55,40.91,-73.84,41.0,8.05
98,deputatskiy,0,RU,1551647245,0,69.3,139.9,-37.04,2.73
99,teacapan,0,MX,1551647245,35,22.54,-105.74,86.04,3.4
100,acapulco,5,MX,1551642600,70,16.86,-99.88,84.2,10.29
101,narsaq,44,GL,1551642600,68,60.91,-46.05,32.0,3.36
102,cockburn town,0,TC,1551647246,96,21.46,-71.14,78.43,16.82
103,smithers,5,CA,1551643200,46,54.78,-127.17,6.8,5.82
104,srednekolymsk,20,RU,1551647246,34,67.46,153.71,-23.09,2.39
105,east london,8,ZA,1551647215,100,-33.02,27.91,74.92,20.29
106,pevek,64,RU,1551647018,83,69.7,170.27,-2.35,8.43
107,necochea,48,AR,1551647046,42,-38.55,-58.74,79.0,1.01
108,vardo,90,US,1551647117,80,39.62,-77.74,34.0,6.93
109,khorixas,0,NA,1551647248,48,-20.37,14.96,68.17,4.52
110,sayaxche,44,GT,1551647248,40,16.52,-90.17,93.96,5.64
111,salalah,20,OM,1551642600,65,17.01,54.1,77.0,2.24
112,port elizabeth,90,US,1551647224,93,39.31,-74.98,42.01,5.82
113,scarborough,80,GB,1551647171,76,54.28,-0.41,51.8,20.8
114,longyearbyen,75,NO,1551646200,58,78.22,15.63,-2.21,9.17
115,huanren,0,CN,1551647249,72,41.26,125.37,20.74,2.06
116,kahului,20,US,1551647184,50,20.89,-156.47,78.01,12.75
117,port lincoln,0,AU,1551647249,100,-34.72,135.86,62.95,8.43
118,ambagarh chauki,0,IN,1551647249,88,20.78,80.75,65.2,3.74
119,esperance,40,TT,1551646814,69,10.24,-61.45,82.4,11.41
120,tutoia,40,BR,1551643200,58,-2.76,-42.27,86.0,11.41
121,sorong,80,ID,1551647250,100,-0.86,131.25,80.23,10.33
122,ampanihy,32,MG,1551647251,94,-24.69,44.75,69.88,9.44
123,norman wells,5,CA,1551643200,64,65.28,-126.83,-2.21,1.16
124,ostrovnoy,0,RU,1551647021,60,68.05,39.51,0.63,9.78
125,nianzishan,0,CN,1551647251,70,47.51,122.88,20.79,2.84
126,talnakh,8,RU,1551647020,52,69.49,88.39,-10.58,3.4
127,provideniya,92,RU,1551647251,94,64.42,-173.23,29.34,34.83
128,klyuchi,32,RU,1551647252,86,52.25,79.17,26.23,11.68
129,staryy nadym,80,RU,1551647252,87,65.61,72.68,17.14,16.71
130,muhos,0,FI,1551644400,83,64.81,26.0,-13.01,2.24
131,seoul,75,KR,1551646200,69,37.57,126.98,42.8,3.36
132,impfondo,32,CD,1551647253,90,1.62,18.06,75.96,2.62
133,hobart,0,AU,1551646885,71,-42.88,147.33,57.2,8.05
134,lorengau,0,PG,1551647254,99,-2.02,147.27,82.84,4.97
135,kodiak,1,US,1551646925,16,39.95,-94.76,12.0,14.99
136,aklavik,75,CA,1551643200,59,68.22,-135.01,10.4,2.95
137,touros,92,BR,1551647129,97,-5.2,-35.46,78.25,6.42
138,quimper,92,FR,1551647224,93,48.0,-4.1,53.01,19.46
139,itarema,88,BR,1551647254,99,-2.92,-39.92,75.46,2.95
140,destin,75,US,1551647111,88,30.39,-86.5,75.2,18.34
141,ewa beach,20,US,1551647028,44,21.32,-158.01,78.8,5.82
142,charters towers,32,AU,1551647255,91,-20.07,146.27,66.64,9.89
143,hithadhoo,92,MV,1551647018,100,-0.6,73.08,83.34,11.34
144,broome,40,GB,1551647005,71,52.47,1.45,53.01,29.97
145,sidney,1,US,1551646885,70,47.72,-104.16,-2.21,29.97
146,bluff,76,AU,1551646983,81,-23.58,149.07,69.7,11.9
147,ballater,88,GB,1551647164,81,57.05,-3.04,44.6,5.82
148,lagos,0,NG,1551643200,83,6.46,3.39,84.2,5.82
149,san policarpo,80,PH,1551647256,100,12.18,125.51,76.36,6.08
150,mount gambier,90,AU,1551645000,100,-37.83,140.78,46.4,2.95
151,arraial do cabo,75,BR,1551643200,74,-22.97,-42.02,84.2,6.93
152,poum,0,MK,1551647256,78,41.28,20.71,19.93,2.06
153,butaritari,92,KI,1551647012,100,3.07,172.79,77.71,10.89
154,qasigiannguit,76,GL,1551642600,78,68.82,-51.19,17.6,2.73
155,tsabong,0,BW,1551647257,23,-26.02,22.4,78.52,10.78
156,chumikan,68,RU,1551647257,72,54.72,135.31,8.5,2.95
157,saint anthony,1,US,1551647104,57,43.97,-111.68,28.0,9.17
158,abu dhabi,0,AE,1551643200,59,24.47,54.37,64.4,8.05
159,ocampo,32,PH,1551647258,98,13.56,123.37,73.66,4.97
160,caohai,0,CN,1551647258,52,26.87,104.28,50.89,13.24
161,matamoros,90,US,1551647123,88,25.87,-97.51,84.2,20.8
162,malanje,48,AO,1551647258,93,-9.54,16.35,68.31,2.39
163,alugan,80,PH,1551647258,100,12.22,125.48,76.36,6.08
164,souillac,68,FR,1551647169,36,45.6,-0.6,62.6,16.11
165,maceio,40,BR,1551646800,78,-9.67,-35.74,78.8,9.17
166,chernyshevskiy,56,RU,1551647259,76,63.01,112.47,6.84,4.41
167,aleksandrov gay,48,RU,1551647259,85,50.14,48.57,16.69,14.81
168,petropavlovsk-kamchatskiy,56,RU,1551645000,60,53.05,158.65,8.6,4.47
169,khatanga,44,RU,1551647071,75,71.98,102.47,-0.1,18.39
170,salym,76,RU,1551647260,69,60.06,71.48,21.01,14.36
171,saint george,20,GR,1551642600,80,39.45,22.34,41.0,5.82
172,moyale,32,ET,1551647260,77,3.52,39.05,67.14,2.62
173,qaanaaq,0,GL,1551647261,85,77.48,-69.36,-6.71,11.56
174,tezu,92,IN,1551647261,99,27.93,96.16,48.24,1.83
175,senovo,20,SI,1551647138,58,46.02,15.48,54.0,10.29
176,lokhvytsya,56,UA,1551647261,79,50.37,33.26,28.12,14.03
177,vila velha,75,BR,1551647161,74,-3.71,-38.6,82.4,6.93
178,torbay,90,CA,1551647006,92,47.66,-52.73,25.0,19.46
179,saint-philippe,1,CA,1551647034,86,45.36,-73.48,33.01,5.82
180,gushikawa,75,JP,1551645000,68,26.35,127.87,66.2,20.8
181,altay,44,CN,1551647263,56,47.83,88.13,4.54,2.17
182,akropong,20,GH,1551643200,83,5.97,-0.09,82.4,8.05
183,iqaluit,75,CA,1551647083,70,63.75,-68.52,-5.01,2.24
184,kavieng,32,PG,1551647264,100,-2.57,150.8,83.38,6.31
185,ripoll,0,ES,1551647238,54,42.2,2.19,60.01,5.82
186,zabol,0,IR,1551643200,62,31.03,61.49,51.8,4.7
187,ko samui,8,TH,1551647264,100,9.54,99.94,81.81,12.24
188,gisborne,0,NZ,1551646805,80,-38.66,178.02,64.0,1.99
189,sao filipe,0,CV,1551647124,88,14.9,-24.5,72.54,17.05
190,port hedland,36,AU,1551645000,69,-20.31,118.58,80.6,8.05
191,tirumullaivasal,8,IN,1551647265,93,11.24,79.84,77.8,7.87
192,polunochnoye,80,RU,1551647265,75,60.87,60.43,10.93,8.21
193,el alto,75,BO,1551643200,38,-16.5,-68.19,59.0,11.41
194,zhanaozen,0,KZ,1551647266,84,43.35,52.85,25.15,7.76
195,erzin,75,TR,1551647074,100,36.95,36.2,50.0,6.93
196,chapais,90,CA,1551643200,56,49.78,-74.86,15.8,14.99
197,hovd,75,NO,1551647245,74,63.83,10.7,33.8,11.41
198,buxton,90,GB,1551647065,61,53.26,-1.91,50.0,19.46
199,padilla,75,CO,1551643200,46,3.23,-76.31,89.6,11.41
200,shupiyan,76,IN,1551647268,88,33.72,74.83,28.89,1.95
201,hermanus,0,ZA,1551646814,93,-34.42,19.24,66.0,1.01
202,ancud,90,CL,1551643200,100,-41.87,-73.83,53.6,6.93
203,komsomolskiy,8,RU,1551646999,42,67.55,63.78,-14.36,3.18
204,tehachapi,1,US,1551647266,51,35.13,-118.45,66.99,24.16
205,kelvington,44,CA,1551647269,88,52.16,-103.52,0.67,16.15
206,bethel,1,US,1551642960,79,60.79,-161.76,28.4,8.05
207,ribeira grande,75,PT,1551645000,67,38.52,-28.7,57.2,9.17
208,okhotsk,0,RU,1551647270,100,59.36,143.24,-7.7,6.64
209,cabedelo,20,BR,1551643200,83,-6.97,-34.84,80.6,6.93
210,falesti,0,MD,1551647119,44,47.57,27.71,39.2,5.82
211,pitanga,0,BR,1551647271,54,-24.76,-51.76,81.94,1.95
212,nouakchott,0,MR,1551645000,64,18.08,-15.98,68.0,4.7
213,reserva,20,BR,1551647271,54,-24.65,-50.85,82.03,2.06
214,fountain hills,75,US,1551647242,38,33.61,-111.72,75.0,10.29
215,vila franca do campo,75,PT,1551647233,58,37.72,-25.43,59.0,13.87
216,kortkeros,0,RU,1551647066,84,61.81,51.56,1.4,6.71
217,kungurtug,0,RU,1551647272,52,50.6,97.53,-4.15,2.17
218,lagoa,0,PT,1551647227,72,37.14,-8.45,59.0,10.29
219,paralimni,8,GR,1551647249,78,40.99,23.67,48.0,3.0
220,dingle,32,PH,1551647094,96,11.0,122.67,74.38,7.09
221,dalbandin,76,PK,1551647273,90,28.9,64.41,47.92,2.73
222,buraydah,0,SA,1551643200,58,26.33,43.97,55.4,6.93
223,tabuk,48,PH,1551647273,88,17.41,121.44,61.24,1.16
224,nome,90,US,1551647010,76,30.04,-94.42,57.2,21.92
225,masuguru,76,MZ,1551647274,99,-11.38,38.46,73.08,2.62
226,cabo san lucas,5,MX,1551646907,30,22.89,-109.91,87.01,4.7
227,chase,1,US,1551647256,44,43.89,-85.64,21.0,10.29
228,shasta lake,90,US,1551647207,76,40.68,-122.36,55.99,2.51
229,wells,90,GB,1551647259,70,51.21,-2.64,50.0,23.04
230,novoagansk,64,RU,1551647275,76,61.94,76.66,28.71,12.68
231,vila,0,IT,1551647166,57,45.18,8.4,55.99,2.24
232,walvis bay,0,NA,1551646926,82,-22.95,14.51,66.99,2.24
233,matara,44,PE,1551647275,60,-13.74,-72.9,58.45,2.39
234,palmer,0,AU,1551647109,72,-34.85,139.16,68.0,1.12
235,fukuma,90,JP,1551647048,93,33.77,130.47,52.0,5.82
236,sao joao da barra,20,BR,1551643200,55,-21.64,-41.05,87.8,18.34
237,auki,0,NG,1551647276,31,12.18,6.51,74.79,6.87
238,lokosovo,76,RU,1551647276,80,61.13,74.84,26.59,15.93
239,anadyr,90,RU,1551643200,92,64.73,177.51,30.2,53.69
240,pangai,90,TO,1551643200,94,-19.8,-174.35,75.2,5.19
241,campbellton,44,CA,1551647277,64,48.0,-66.68,25.69,2.84
242,zhezkazgan,92,KZ,1551647188,98,47.8,67.71,32.76,7.76
243,mehamn,90,NO,1551644400,92,71.03,27.85,24.8,17.22
244,stephenville,75,US,1551646925,69,32.22,-98.2,41.0,18.34
245,manggar,44,ID,1551647277,100,-2.88,108.27,73.57,2.95
246,cururupu,92,BR,1551646999,90,-1.82,-44.87,77.49,4.18
247,magadan,0,RU,1551647278,100,59.56,150.8,1.57,9.66
248,severo-kurilsk,56,RU,1551647278,100,50.68,156.12,24.7,22.53
249,victoria,75,BN,1551645000,88,5.28,115.24,78.8,3.74
250,jefferson city,1,US,1551647113,44,38.58,-92.17,23.0,13.87
251,susehri,56,TR,1551647279,80,40.16,38.09,13.9,1.72
252,ghanzi,92,BW,1551647279,25,-21.7,21.65,85.45,6.2
253,aksarka,68,RU,1551647060,69,66.56,67.8,-5.68,20.07
254,cap malheureux,40,MU,1551647046,83,-19.98,57.61,81.0,6.93
255,caravelas,48,BR,1551647010,100,-17.73,-39.27,84.01,13.02
256,college,90,US,1551647046,92,64.86,-147.8,24.01,3.74
257,fortuna,0,ES,1551647197,81,38.18,-1.13,57.99,2.62
258,san quintin,0,PH,1551647041,79,17.54,120.52,57.37,2.17
259,yvetot,90,FR,1551647243,81,49.62,0.75,54.0,25.28
260,puerto narino,75,CO,1551643200,88,-3.77,-70.38,82.4,3.36
261,hami,0,CN,1551647281,62,42.84,93.51,26.28,7.2
262,san rafael,24,AR,1551647282,45,-34.61,-68.33,76.54,4.41
263,upernavik,80,GL,1551647098,100,72.79,-56.15,11.29,10.22
264,saint-georges,68,CA,1551646839,72,46.12,-70.67,28.0,1.99
265,cherskiy,20,RU,1551647006,50,68.75,161.3,-17.47,5.97
266,cumana,88,VE,1551647283,87,10.46,-64.17,71.86,2.17
267,yelnya,92,RU,1551647283,93,54.58,33.19,29.61,12.68
268,galesong,90,ID,1551645000,100,-5.32,119.37,75.2,1.12
269,oktyabrskoye,20,RU,1551647128,69,56.73,85.44,34.0,17.9
270,ponta delgada,75,PT,1551647054,58,37.73,-25.67,59.0,13.87
271,puteyets,32,RU,1551647284,66,65.17,57.09,-4.87,7.2
272,parsabad,90,AZ,1551643200,86,39.65,47.92,41.0,21.92
273,douglas,1,US,1551647268,23,31.34,-109.55,72.0,10.29
274,geraldton,75,CA,1551644820,49,49.72,-86.95,1.4,12.75
275,naze,40,NG,1551643200,88,5.43,7.07,82.4,3.74
276,mayo,5,CA,1551643200,64,63.59,-135.9,-0.41,2.24
277,manjacaze,68,MZ,1551647285,74,-24.71,33.88,80.05,7.2
278,slave lake,1,CA,1551643200,64,55.28,-114.77,-2.21,11.41
279,batagay-alyta,36,RU,1551647286,32,67.8,130.41,-23.63,2.62
280,sur,0,OM,1551647088,100,22.57,59.53,67.27,4.85
281,wang saphung,0,TH,1551647286,96,17.3,101.77,65.92,5.3
282,pangnirtung,90,CA,1551643200,76,66.15,-65.72,-11.21,4.7
283,humaita,40,AR,1551643200,57,-24.93,-65.37,84.2,8.05
284,uribia,8,CO,1551647287,37,11.71,-72.27,91.21,17.83
285,taltal,0,CL,1551647287,64,-25.41,-70.49,71.86,4.52
286,byron bay,90,AU,1551647205,100,-28.65,153.62,69.8,10.11
287,warrington,75,GB,1551647046,70,53.39,-2.59,48.99,26.4
288,slavyanka,8,RU,1551647287,95,42.86,131.39,35.86,12.24
289,leningradskiy,32,RU,1551647288,76,69.38,178.42,9.63,10.78
290,chimbote,12,PE,1551647280,74,-9.08,-78.59,77.62,7.09
291,gumdag,68,TM,1551647288,90,39.2,54.59,41.76,2.62
292,yar-sale,80,RU,1551647288,89,66.83,70.83,1.21,23.09
293,zhangye,8,CN,1551647288,61,38.94,100.46,20.92,4.41
294,nishihara,90,JP,1551647162,100,35.74,139.53,48.0,10.29
295,klaksvik,92,FO,1551646200,86,62.23,-6.59,41.0,5.82
296,ukiah,90,US,1551647260,76,39.15,-123.21,57.99,3.36
297,meulaboh,8,ID,1551647073,100,4.14,96.13,78.79,5.97
298,buala,0,SB,1551647290,88,-8.15,159.59,82.48,3.29
299,bandiagara,0,ML,1551647290,24,14.35,-3.61,68.13,9.22
300,wawa,0,NG,1551647290,26,9.9,4.41,81.54,8.66
301,beringovskiy,92,RU,1551647290,94,63.05,179.32,32.35,25.1
302,yairipok,92,IN,1551647290,76,24.67,94.07,58.81,4.07
303,kruisfontein,0,ZA,1551647244,85,-34.0,24.73,63.36,5.41
304,porto novo,75,BR,1551646800,100,-23.68,-45.44,73.4,2.24
305,ishigaki,8,JP,1551647291,100,24.34,124.16,68.49,19.84
306,hidalgo,90,US,1551647256,78,26.1,-98.26,73.4,16.11
307,talcahuano,0,CL,1551643200,64,-36.72,-73.12,68.0,17.22
308,luderitz,20,NA,1551647057,78,-26.65,15.16,63.76,19.39
309,santa maria,20,BR,1551643200,58,-29.69,-53.81,86.0,10.29
310,massakory,0,TD,1551647293,28,13.0,15.73,82.39,12.12
311,tiznit,0,MA,1551647001,94,29.7,-9.73,55.57,3.74
312,saint-joseph,0,FR,1551647283,87,43.56,6.97,54.0,2.24
313,te anau,12,NZ,1551647294,81,-45.41,167.72,48.28,4.07
314,los llanos de aridane,20,ES,1551646804,72,28.66,-17.92,64.4,11.41
315,pimentel,92,BR,1551647294,97,-3.7,-45.5,73.57,1.72
316,bud,40,NO,1551646847,93,62.91,6.91,41.0,9.17
317,aranda de duero,0,ES,1551647295,54,41.67,-3.69,45.4,11.01
318,angoram,80,PG,1551647295,95,-4.06,144.07,75.1,2.73
319,dunedin,0,NZ,1551646932,75,-45.87,170.5,62.01,8.01
320,nanortalik,88,GL,1551647296,100,60.14,-45.24,27.18,10.89
321,saint-pierre,40,FR,1551647224,76,48.95,4.24,55.4,19.46
322,emerald,0,AU,1551647131,73,-23.53,148.16,72.0,10.29
323,tuatapere,0,NZ,1551646810,80,-46.13,167.69,57.99,3.0
324,genhe,20,CN,1551647297,52,50.78,121.52,5.53,2.73
325,san luis,44,AR,1551647297,75,-33.3,-66.34,74.34,8.55
326,manta,8,RO,1551647297,81,45.1,24.1,26.86,2.39
327,adrar,0,DZ,1551643200,12,27.87,-0.29,68.0,6.93
328,flinders,0,AU,1551646935,100,-34.58,150.85,73.0,8.05
329,mattru,0,SL,1551647298,38,7.62,-11.83,85.59,6.42
330,la libertad,75,PE,1551643200,59,-16.38,-71.56,64.4,11.41
331,villarrica,20,CL,1551646835,49,-39.28,-72.23,69.01,13.87
332,biak,8,ID,1551647299,99,-0.91,122.88,77.08,3.29
333,coihaique,40,CL,1551643200,43,-45.58,-72.07,55.4,12.75
334,zinder,48,NE,1551647299,19,13.81,8.99,80.46,10.78
335,arona,0,IT,1551647284,57,45.76,8.56,54.0,2.24
336,ruwi,0,OM,1551642600,49,23.6,58.55,69.8,3.36
337,huilong,56,CN,1551647300,87,28.89,110.18,33.66,2.17
338,coquimbo,20,CL,1551643200,68,-29.95,-71.34,68.0,13.87
339,sundsvall,75,SE,1551647118,85,62.39,17.31,25.0,2.24
340,gat,0,SN,1551645000,43,14.69,-16.54,71.6,18.34
341,hambantota,24,LK,1551647301,100,6.12,81.12,77.08,2.73
342,nouadhibou,0,MR,1551643200,72,20.93,-17.03,66.2,19.46
343,bar harbor,90,US,1551647225,64,44.39,-68.2,36.0,6.93
344,juneau,20,US,1551642960,29,58.3,-134.42,35.6,2.84
345,tommot,48,RU,1551647302,72,58.97,126.27,4.72,1.95
346,ocean city,75,US,1551647219,83,30.44,-86.61,75.2,17.22
347,tomball,90,US,1551647078,87,30.1,-95.62,54.0,17.22
348,toppenish,90,US,1551647120,45,46.38,-120.31,26.6,5.82
349,gunjur,0,GM,1551643200,46,13.18,-16.76,73.4,8.05
350,jutai,92,BR,1551647303,99,-1.71,-47.89,74.38,3.29
351,port hardy,90,CA,1551645780,81,50.7,-127.42,32.0,24.16
352,yeppoon,40,AU,1551645000,78,-23.13,150.74,71.6,5.82
353,salamiyah,56,SY,1551647303,100,35.01,37.05,42.88,3.18
354,guerrero negro,8,MX,1551647032,68,27.97,-114.04,65.83,15.26
355,chake chake,8,TZ,1551647304,98,-5.25,39.77,84.1,8.66
356,mahibadhoo,44,MV,1551647304,99,3.78,72.97,83.11,12.24
357,palmeiras de goias,76,BR,1551647013,88,-16.8,-49.93,72.67,5.08
358,the valley,40,AI,1551646866,61,18.22,-63.06,80.6,17.22
359,humberto de campos,92,BR,1551647305,100,-2.6,-43.46,79.42,5.3
360,manadhoo,92,MV,1551647305,100,5.77,73.38,82.89,9.55
361,pingliang,88,CN,1551647305,81,35.54,106.68,25.38,1.39
362,elizabeth city,90,US,1551647139,87,36.3,-76.22,51.8,4.74
363,tura,0,IN,1551647305,75,25.52,90.21,59.13,3.4
364,daru,0,SL,1551647306,58,7.99,-10.85,78.7,1.83
365,lajas,40,CU,1551642840,62,22.41,-80.29,89.6,12.75
366,mildura,64,AU,1551646896,52,-34.18,142.16,68.0,2.24
367,lasa,40,CY,1551646907,87,34.92,32.53,53.6,5.82
368,la palma,44,CO,1551647307,87,5.36,-74.39,74.92,1.5
369,kawalu,88,ID,1551647307,98,-7.38,108.21,67.45,2.17
370,banjar,92,ID,1551647251,96,-7.37,108.54,69.88,2.39
371,puerto carreno,40,CO,1551643200,41,6.19,-67.49,95.0,2.84
372,husavik,56,CA,1551646804,72,50.56,-96.99,1.99,8.99
373,luau,0,CD,1551647308,81,-10.7,22.23,69.84,3.62
374,varzea da palma,88,BR,1551647308,52,-17.6,-44.73,84.01,3.74
375,azanka,68,RU,1551647309,82,58.04,64.79,21.78,8.21
376,itoman,75,JP,1551645000,68,26.12,127.67,66.2,20.8
377,muskegon,1,US,1551647298,52,43.23,-86.25,21.99,12.75
378,makinsk,76,KZ,1551647309,91,52.63,70.42,28.08,19.17
379,curaca,76,BR,1551647309,54,-8.99,-39.91,85.81,2.39
380,porto franco,80,BR,1551647309,87,-6.34,-47.4,77.31,6.2
381,faanui,20,PF,1551647040,100,-16.48,-151.75,83.34,5.64
382,iseyin,0,NG,1551647310,56,7.97,3.6,75.55,2.28
383,kedrovyy,64,RU,1551645000,92,56.17,91.82,17.6,2.24
384,saint-donat-de-montcalm,80,CA,1551647311,62,46.32,-74.22,25.83,5.41
385,saint-augustin,0,FR,1551646988,33,44.83,-0.61,62.6,10.29
386,pacific grove,90,US,1551647296,93,36.62,-121.92,62.01,8.05
387,tumpat,75,MY,1551643200,94,6.2,102.17,69.8,2.39
388,igarka,92,RU,1551647311,86,67.47,86.57,17.77,13.69
389,manoel urbano,8,BR,1551647312,64,-8.84,-69.26,89.59,3.4
390,maragogi,76,BR,1551647312,86,-9.01,-35.22,79.83,10.67
391,vao,88,EE,1551647214,82,59.1,26.19,21.96,9.22
392,ayan,0,TR,1551647312,70,40.67,33.6,17.73,3.18
393,isangel,0,VU,1551647048,95,-19.55,169.27,82.93,8.55
394,jiayuguan,0,CN,1551647312,42,39.77,98.29,6.61,3.18
395,ketchikan,1,US,1551642780,32,55.34,-131.65,37.4,13.87
396,merauke,56,ID,1551647313,99,-8.49,140.4,78.52,5.53
397,tsumeb,56,NA,1551647313,62,-19.25,17.72,71.68,3.18
398,elko,90,US,1551647012,69,40.83,-115.76,37.99,3.29
399,zhigansk,68,RU,1551647041,73,66.77,123.37,-2.8,6.64
400,ginda,0,IN,1551647313,94,30.69,78.49,29.92,2.39
401,pathein,0,MM,1551647028,89,16.78,94.73,66.51,6.76
402,kutum,0,SD,1551647314,32,14.2,24.66,61.06,8.55
403,khandyga,0,RU,1551647314,46,62.65,135.58,-29.39,2.51
404,nelson bay,0,AU,1551647031,83,-32.72,152.14,73.0,3.36
405,manzil salim,0,TN,1551643200,65,35.86,8.48,44.6,2.24
406,goderich,92,CA,1551647059,89,43.74,-81.71,26.01,5.19
407,shingu,100,JP,1551647315,100,33.72,135.99,55.75,12.12
408,padang,88,ID,1551647031,100,-0.92,100.36,83.34,9.33
409,staraya poltavka,80,RU,1551647315,84,50.48,46.48,19.44,16.37
410,cairns,75,AU,1551647159,88,-16.92,145.77,75.2,9.17
411,bulgan,0,MN,1551647319,61,48.81,103.53,11.11,2.95
412,marfino,0,RU,1551645000,85,56.07,37.56,24.8,6.71
413,sambava,56,MG,1551647131,100,-14.27,50.17,80.5,9.22
414,kitob,0,UZ,1551645000,61,39.12,66.88,48.2,6.93
415,conway,90,US,1551646992,100,33.84,-79.05,69.01,5.82
416,amantea,40,IT,1551646992,87,39.13,16.07,48.99,1.12
417,astoria,1,US,1551647017,39,46.19,-123.83,50.0,14.99
418,muroto,88,JP,1551647320,100,33.37,134.14,49.81,6.87
419,kempsey,40,AU,1551647045,100,-31.08,152.84,66.99,0.94
420,at-bashi,88,KG,1551647320,82,41.17,75.81,15.84,3.4
421,brewster,40,US,1551647283,64,41.76,-70.08,39.99,10.29
422,basqal,40,AZ,1551646800,86,40.75,48.39,37.4,5.82
423,araouane,0,ML,1551647321,29,18.9,-3.53,58.68,4.18
424,vauvert,75,FR,1551647227,93,43.69,4.28,53.6,2.24
425,antofagasta,20,CL,1551643200,64,-23.65,-70.4,71.6,14.99
426,churapcha,0,RU,1551647041,34,62.0,132.43,-23.63,2.62
427,onokhino,75,RU,1551645000,85,56.92,65.54,19.4,8.95
428,young,0,UY,1551647312,51,-32.7,-57.63,90.0,5.99
429,vidim,20,CZ,1551647290,66,50.47,14.53,51.01,10.29
430,namatanai,8,PG,1551647322,100,-3.66,152.44,80.5,7.31
431,constitucion,20,MX,1551646816,8,23.99,-104.67,81.0,2.24
432,alice springs,32,AU,1551645000,26,-23.7,133.88,71.6,3.36
433,abha,0,SA,1551643200,62,18.22,42.5,57.2,10.29
434,kyshtovka,88,RU,1551647323,87,56.56,76.62,29.88,22.53
435,lahad datu,8,MY,1551647323,100,5.02,118.33,73.26,3.74
436,kapuskasing,90,CA,1551644580,65,49.42,-82.43,6.8,8.05
437,kurtamysh,68,RU,1551647324,89,54.91,64.43,25.69,12.46
438,sovetskiy,80,RU,1551647074,86,56.76,48.47,16.87,7.2
439,coro,0,VE,1551647324,56,11.41,-69.67,86.49,13.47
440,bijie,80,CN,1551647324,81,27.3,105.3,52.51,7.54
441,mvuma,0,ZW,1551647324,77,-19.28,30.53,66.24,8.66
442,llanes,0,ES,1551646972,33,43.42,-4.75,64.99,18.99
443,nekhayevskiy,92,RU,1551646969,75,50.41,41.76,25.0,15.01
444,maputo,75,MZ,1551643200,94,-25.97,32.57,77.0,6.93
445,bubaque,0,GW,1551647325,78,11.28,-15.83,82.84,8.32
446,kamaishi,44,JP,1551647325,80,39.28,141.86,34.24,4.41
447,havre,1,US,1551646913,63,48.55,-109.68,-0.01,21.92
448,hasaki,75,JP,1551647075,93,35.73,140.83,51.8,17.22
449,oranjemund,64,ZA,1551647326,90,-28.55,16.43,63.36,9.78
450,xichang,8,CN,1551647075,31,27.88,102.25,44.73,2.28
451,mabaruma,64,GY,1551647327,70,8.2,-59.78,81.4,9.55
452,mongo,20,CF,1551647327,64,4.83,22.92,77.08,2.95
453,pochutla,20,MX,1551646805,52,15.74,-96.47,91.0,10.67
454,xiamen,90,CN,1551643200,100,24.46,118.07,59.0,6.71
455,kokkola,0,FI,1551646912,84,63.84,23.13,10.0,3.36
456,sassandra,8,CI,1551647328,95,4.95,-6.09,82.98,11.12
457,harper,90,US,1551645300,93,30.3,-99.24,39.2,13.87
458,dukat,0,RS,1551647108,78,42.44,22.31,33.01,1.83
459,sfantu gheorghe,0,RO,1551647052,80,44.65,26.83,42.01,9.17
460,kaili,44,ID,1551647329,88,-3.46,120.21,67.9,1.95
461,barnala,24,IN,1551647184,94,30.38,75.54,51.93,2.84
462,obertyn,0,UA,1551645000,59,48.7,25.17,35.6,2.24
463,high level,20,CA,1551643200,45,58.52,-117.13,5.0,3.4
464,finschhafen,36,PG,1551647329,92,-6.6,147.85,72.36,1.05
465,matay,0,EG,1551647329,67,28.42,30.79,46.44,3.74
466,sloboda,80,RU,1551647330,77,57.03,59.56,16.29,10.11
467,zastron,0,ZA,1551647330,75,-30.3,27.08,60.07,2.28
468,palu,12,ID,1551647330,95,-0.9,119.87,63.22,1.72
469,sumbawanga,90,TZ,1551643200,88,-7.95,31.62,64.4,4.97
470,kolomak,48,UA,1551647331,83,49.84,35.31,26.14,14.03
471,daugai,90,LT,1551646822,93,54.36,24.35,41.0,11.41
472,mirnyy,0,RU,1551647331,72,56.57,36.46,7.83,4.63
473,biu,32,NG,1551647101,29,10.61,12.19,82.3,6.64
474,chimoio,0,MZ,1551647332,88,-19.11,33.48,73.84,4.52
475,rexburg,1,US,1551646807,57,43.82,-111.79,28.0,9.17
476,lucapa,44,AO,1551647332,92,-8.42,20.74,67.0,2.62
477,sitka,68,US,1551646856,77,37.17,-99.65,10.99,11.01
478,la rioja,36,AR,1551647182,45,-29.41,-66.86,90.94,3.51
479,poyarkovo,76,RU,1551647333,73,49.62,128.65,17.23,2.73
480,haldibari,0,IN,1551647333,81,26.34,88.78,56.92,4.97
481,gamba,8,CN,1551647333,36,28.28,88.52,-14.81,2.17
482,isla mujeres,40,MX,1551647103,58,21.23,-86.73,84.2,20.8
483,leh,56,IN,1551647063,73,34.16,77.58,-3.38,1.72
484,brae,92,GB,1551644400,87,60.4,-1.35,44.6,11.41
485,tugulym,75,RU,1551645000,85,57.06,64.64,19.4,8.95
486,antalaha,68,MG,1551647334,96,-14.9,50.28,78.03,5.41
487,nador,0,MA,1551645000,87,35.17,-2.93,57.2,3.36
488,swan river,44,CA,1551647334,73,52.11,-101.27,5.04,9.66
489,ulaangom,20,MN,1551647334,62,49.98,92.07,-3.88,0.83
490,morlaix,80,FR,1551647287,87,48.58,-3.83,51.8,31.09
491,sarka ghat,80,IN,1551647335,83,31.7,76.73,41.49,3.62
492,thunder bay,75,CA,1551647151,45,48.41,-89.26,7.0,10.29
493,cartagena del chaira,24,CO,1551647335,78,1.33,-74.84,82.75,2.73
494,biggar,90,GB,1551647283,86,55.62,-3.52,44.01,6.93
495,marrakesh,20,MA,1551645000,40,31.63,-7.99,68.0,6.93
496,viedma,92,AR,1551647336,41,-40.81,-62.99,77.71,14.03
497,hualmay,24,PE,1551647091,66,-11.1,-77.61,77.17,4.97
498,la asuncion,80,EC,1551647336,96,-1.64,-78.74,53.64,1.95
499,noumea,20,NC,1551645000,100,-22.28,166.46,75.2,5.19
500,nyurba,48,RU,1551647336,69,63.29,118.35,1.57,3.74
501,zarubino,12,RU,1551647336,100,42.65,131.06,29.16,5.64
502,puerto madero,0,AR,1551647300,64,-34.61,-58.36,82.4,12.75
503,lata,0,IN,1551647088,94,30.78,78.62,29.92,2.39
504,qaqortoq,80,GL,1551642600,91,60.72,-46.03,32.0,3.36
505,phangnga,20,TH,1551645000,88,8.45,98.53,77.0,2.62
506,cabo rojo,90,PR,1551647315,87,18.09,-67.15,82.0,10.29
507,atar,0,MR,1551647259,16,20.52,-13.05,65.38,7.09
508,rio gallegos,40,AR,1551643200,29,-51.62,-69.22,60.8,13.87
509,loncoche,20,CL,1551646835,48,-39.37,-72.63,69.01,12.75
510,huarmey,36,PE,1551647339,56,-10.07,-78.15,78.7,4.74
511,usinsk,8,RU,1551647339,59,66.0,57.56,-7.25,9.1
512,mount isa,0,AU,1551645000,73,-20.73,139.49,69.8,5.75
513,tuburan,75,PH,1551643200,83,10.73,123.82,78.8,2.24
514,romny,64,UA,1551647339,82,50.74,33.49,27.94,14.03
515,celestun,0,MX,1551647283,86,20.87,-90.4,82.39,5.75
516,port macquarie,40,AU,1551647045,100,-31.43,152.91,66.99,0.94
517,fare,68,PF,1551647340,100,-16.7,-151.02,82.71,3.74
518,ajdabiya,0,LY,1551647340,88,30.75,20.22,49.09,5.86
519,port keats,24,AU,1551647136,89,-14.25,129.55,80.86,11.79
520,stromness,90,CA,1551647337,58,42.87,-79.55,30.0,5.82
521,volosovo,75,RU,1551645000,85,59.45,29.48,15.8,2.24
522,shieli,8,KZ,1551647341,72,44.18,66.74,33.25,6.2
523,peniche,75,PT,1551647107,93,39.36,-9.38,59.0,9.17
524,barra do garcas,64,BR,1551647341,88,-15.89,-52.26,78.39,5.64
525,matai,90,TZ,1551643200,88,-8.3,31.52,64.4,2.73
526,atherton,90,GB,1551647306,61,53.52,-2.49,48.99,19.46
527,maniitsoq,68,GL,1551647342,91,65.42,-52.9,17.5,1.5
528,valparaiso,90,US,1551647282,58,41.47,-87.06,24.8,13.87
529,olinda,75,EC,1551646931,70,-2.03,-79.75,87.01,5.82
530,kavaratti,0,IN,1551647173,100,10.57,72.64,81.94,11.56
531,campo verde,0,PE,1551647343,40,-8.47,-74.81,94.99,3.18
532,karratha,76,AU,1551647343,49,-20.74,116.85,80.95,1.39
533,villa carlos paz,20,AR,1551646848,55,-31.42,-64.5,89.01,20.8
534,yulara,0,AU,1551643200,24,-25.24,130.99,78.8,8.05
535,plouzane,92,FR,1551647287,87,48.38,-4.62,51.8,26.4
536,banikoara,0,BJ,1551647344,25,11.3,2.44,76.81,8.21
537,bodmin,75,GB,1551647156,81,50.47,-4.72,51.01,18.34
538,portmore,40,JM,1551643200,54,17.97,-76.87,82.4,13.87
539,tyrma,0,RU,1551647344,60,50.04,132.17,0.18,2.73
540,minab,0,IR,1551645000,77,27.15,57.07,62.6,1.12
541,mastung,0,PK,1551647345,95,29.8,66.85,35.86,2.62
542,cabra,0,ES,1551647292,58,37.47,-4.43,61.0,1.12
543,palmares do sul,8,BR,1551645927,70,-30.26,-50.51,80.01,5.99
544,kuliyapitiya,40,LK,1551643800,83,7.47,80.04,78.8,5.82
545,rocha,0,UY,1551647346,41,-34.48,-54.34,77.62,7.43
546,lapua,44,FI,1551647268,78,62.97,23.01,15.01,2.24
547,huntington,90,US,1551647344,55,40.87,-73.43,41.0,12.75
548,nizhneudinsk,0,RU,1551647346,79,54.91,99.03,16.06,5.08
549,kieta,24,PG,1551647128,100,-6.22,155.63,78.84,4.41
550,tecoanapa,5,MX,1551642600,70,16.99,-99.26,84.2,10.29
551,ambilobe,0,MG,1551647347,74,-13.19,49.05,79.38,8.21
